customer_id,name,phone,email,country,join_date,last_purchase_date,orders,total_spend
CUST-001,Mr. John Smith,+33 6 12 34 56 78,john.smith@example.com,FR,2023-04-12,2025-08-30,12,"$3,240.50"
CUST-002,jane doe,0612345678,jane.doe@,France,12/04/2023,30/08/2025,5,"$890.25"
CUST-003,DR. ALICE WONG,(+33) 6 23 45 67 89,alice.wong@example.com,DE,04-12-2023,08-30-2025,8,"$2,000.00"
CUST-004,Bob Martin,06.23.45.67.89,bob.martin@example.com,Germany,2022-01-05,2025-07-12,3,"$450.00"
CUST-005,Claire Dubois,,claire.dubois@example.com,FR,05/01/2022,12/07/2025,1,120
CUST-006,"  David Kim  ",+33 7 98 76 54 32,david.kim@example.com,US,01-05-2022,07-12-2025,15,"$5,678.90"
CUST-007,Eva Muller,0712345678,eva.mueller@example.com,DE,2024-02-20,2025-06-01,6,"$1,100.50"
CUST-008,Francois Leroy,(+33) 7 11 22 33 44,francois.leroy@example.com,FR,20/02/2024,01/06/2025,9,"$2,345.00"
CUST-009,Grace Chen,06 44 55 66 77,,CN,2023-11-11,2025-09-02,4,"$678.00"
CUST-010,Hugo Bernard,,hugo.bernard@example.com,FR,11/11/2023,02/09/2025,,"-$250.00"
CUST-011,Isabelle Moreau,+39 333 12 34 567,isabelle.moreau@example.com,IT,2022-08-15,2025-05-20,7,"$1,890.00"
CUST-012,James Wilson,0044 7 911 123 456,james.wilson@example.com,GB,15/08/2022,20/05/2025,11,"$3,100.00"
CUST-013,Katarina Novak,+49 151 2345678,katarina.novak@example.com,DE,2023-03-08,2025-08-15,4,"$999.99"
CUST-014,Liam O'Connor,,liam.oconnor@example.com,IE,08/03/2023,15/08/2025,10,"2 750.00"
CUST-015,Maria Garcia,+34 6 11 22 33 44,maria.garcia@example.com,ES,2024-06-30,2025-07-01,3,"$540.00"
CUST-016,Nadia Petrova,06 55 44 33 22,nadia.petrova@example.com,FR,30/06/2024,01/07/2025,16,"$4,200.00"
CUST-017,Olivier Blanc,,olivier.blanc@,FR,2023-09-17,2025-04-11,2,"$0.00"
CUST-018,Pierre Garnier,+33 6 98 76 54 32,pierre.garnier@example.com,FR,17/09/2023,11/04/2025,13,"$3,800.00"
CUST-019,Quentin Rousseau,,quentin.rousseau@example.com,FR,2024-12-01,2025-03-03,5,"$1,050.00"
CUST-020,Rosa Martinez,911,rosa.martinez@example.com,ES,01/12/2024,03/03/2025,1,n/a
CUST-021,Sam Taylor,+44 77 0000 1234,sam.taylor@example.com,UK,2023-07-07,2025-06-15,8,"$1,600.00"
CUST-022,Tina Nguyen,,tina.nguyen@example.com,US,07/07/2023,15/06/2025,6,"$980.00"
CUST-023,Ugo Rossi,+39 3 45 67 89 01,ugo.rossi@example.com,IT,2022-12-19,2025-02-28,3,"$610.00"
CUST-024,Victor Hugo,,victor.hugo@example.com,FR,19/12/2022,28/02/2025,20,"$5,100.00"
