customer_id,name,phone,email,country,join_date,last_purchase_date,orders,total_spend,name_clean,phone_digits,phone_national,phone_valid,email_status,country_code,orders_num,spend_num,recency_days,segment
CUST-001,Mr. John Smith,+33 6 12 34 56 78,john.smith@example.com,FR,2023-04-12,2025-08-30,12,"$3,240.50",John Smith,33612345678,0612345678,TRUE,valid,FR,12,3240.5,31,Gold
CUST-002,jane doe,0612345678,jane.doe@,France,2023-04-12,2025-08-30,5,$890.25,Jane Doe,0612345678,0612345678,TRUE,invalid,FR,5,890.25,31,Silver
CUST-003,DR. ALICE WONG,(+33) 6 23 45 67 89,alice.wong@example.com,DE,2023-04-12,2025-08-30,8,"$2,000.00",Alice Wong,33623456789,33623456789,TRUE,valid,DE,8,2000,31,Silver
CUST-004,Bob Martin,06.23.45.67.89,bob.martin@example.com,Germany,2022-01-05,2025-07-12,3,$450.00,Bob Martin,0623456789,0623456789,TRUE,valid,DE,3,450,80,Bronze
CUST-005,Claire Dubois,NA,claire.dubois@example.com,FR,2022-01-05,2025-07-12,1,120,Claire Dubois,NA,NA,NA,valid,FR,1,120,80,Bronze
CUST-006,David Kim,+33 7 98 76 54 32,david.kim@example.com,US,2022-01-05,2025-07-12,15,"$5,678.90",David Kim,33798765432,33798765432,TRUE,valid,US,15,5678.9,80,Gold
CUST-007,Eva Muller,0712345678,eva.mueller@example.com,DE,2024-02-20,2025-06-01,6,"$1,100.50",Eva Muller,0712345678,0712345678,TRUE,valid,DE,6,1100.5,121,Silver
CUST-008,Francois Leroy,(+33) 7 11 22 33 44,francois.leroy@example.com,FR,2024-02-20,2025-06-01,9,"$2,345.00",Francois Leroy,33711223344,0711223344,TRUE,valid,FR,9,2345,121,Silver
CUST-009,Grace Chen,06 44 55 66 77,NA,CN,2023-11-11,2025-09-02,4,$678.00,Grace Chen,0644556677,0644556677,TRUE,missing,CN,4,678,28,Bronze
CUST-010,Hugo Bernard,NA,hugo.bernard@example.com,FR,2023-11-11,2025-09-02,NA,-$250.00,Hugo Bernard,NA,NA,NA,valid,FR,NA,-250,28,Bronze
CUST-011,Isabelle Moreau,+39 333 12 34 567,isabelle.moreau@example.com,IT,2022-08-15,2025-05-20,7,"$1,890.00",Isabelle Moreau,393331234567,393331234567,TRUE,valid,IT,7,1890,133,Silver
CUST-012,James Wilson,0044 7 911 123 456,james.wilson@example.com,GB,2022-08-15,2025-05-20,11,"$3,100.00",James Wilson,00447911123456,00447911123456,TRUE,valid,GB,11,3100,133,Gold
CUST-013,Katarina Novak,+49 151 2345678,katarina.novak@example.com,DE,2023-03-08,2025-08-15,4,$999.99,Katarina Novak,491512345678,491512345678,TRUE,valid,DE,4,999.99,46,Silver
CUST-014,Liam O'Connor,NA,liam.oconnor@example.com,IE,2023-03-08,2025-08-15,10,2 750.00,Liam O'connor,NA,NA,NA,valid,IE,10,2750,46,Silver
CUST-015,Maria Garcia,+34 6 11 22 33 44,maria.garcia@example.com,ES,2024-06-30,2025-07-01,3,$540.00,Maria Garcia,34611223344,34611223344,TRUE,valid,ES,3,540,91,Bronze
CUST-016,Nadia Petrova,06 55 44 33 22,nadia.petrova@example.com,FR,2024-06-30,2025-07-01,16,"$4,200.00",Nadia Petrova,0655443322,0655443322,TRUE,valid,FR,16,4200,91,Gold
CUST-017,Olivier Blanc,NA,olivier.blanc@,FR,2023-09-17,2025-04-11,2,$0.00,Olivier Blanc,NA,NA,NA,invalid,FR,2,0,172,Bronze
CUST-018,Pierre Garnier,+33 6 98 76 54 32,pierre.garnier@example.com,FR,2023-09-17,2025-04-11,13,"$3,800.00",Pierre Garnier,33698765432,0698765432,TRUE,valid,FR,13,3800,172,Gold
CUST-019,Quentin Rousseau,NA,quentin.rousseau@example.com,FR,2024-12-01,2025-03-03,5,"$1,050.00",Quentin Rousseau,NA,NA,NA,valid,FR,5,1050,211,Silver
CUST-020,Rosa Martinez,911,rosa.martinez@example.com,ES,2024-12-01,2025-03-03,1,n/a,Rosa Martinez,911,911,FALSE,valid,ES,1,NA,211,NA
CUST-021,Sam Taylor,+44 77 0000 1234,sam.taylor@example.com,UK,2023-07-07,2025-06-15,8,"$1,600.00",Sam Taylor,447700001234,447700001234,TRUE,valid,GB,8,1600,107,Silver
CUST-022,Tina Nguyen,NA,tina.nguyen@example.com,US,2023-07-07,2025-06-15,6,$980.00,Tina Nguyen,NA,NA,NA,valid,US,6,980,107,Silver
CUST-023,Ugo Rossi,+39 3 45 67 89 01,ugo.rossi@example.com,IT,2022-12-19,2025-02-28,3,$610.00,Ugo Rossi,39345678901,39345678901,TRUE,valid,IT,3,610,214,Bronze
CUST-024,Victor Hugo,NA,victor.hugo@example.com,FR,2022-12-19,2025-02-28,20,"$5,100.00",Victor Hugo,NA,NA,NA,valid,FR,20,5100,214,Gold
